{  "preset": "monogrotesk",
  "template": "grotesk",
   "project":"preset rounded",
   "variant":"Regular",
   "baseValues":{  
      "spacing":0.9230769230769231,
      "diacriticHeight":80,
      "opticThickness":0.95,
      "smallCapDelta":1,
      "_scThickness":0.9,
      "_scWidth":0.7,
      "xHeight":520,
      "capDelta":230,
      "ascender":230,
      "descender":-243.84615384615367,
      "crossbar":0.8703846153846154,
      "width":2.1338461538461537,
      "slant":0,
      "overshoot":20,
      "thickness":98.76923076923077,
      "_contrast":-1.291153846153846,
      "_contrastExtremity":-1,
      "aperture":0.31961538461538463,
      "apertureTop":1,
      "apertureBottom":0.3,
      "curviness":0.6200000000000002,
      "serifWidth":100.02499999999999,
      "midWidth":1,
      "serifHeight":81.53864615384617,
      "serifMedian":1,
      "serifCurve":0,
      "serifRoundness":1,
      "serifArc":0,
      "serifTerminal":0.3269230769230767,
      "serifTerminalCurve":1,
      "spurHeight":0,
      "serifRotate":0,
      "serifBall":1,
      "manualChanges":{  
         "a":{  
            "cursors":{  
               "contours.0.nodes.3.expand":{  
                  "angle":0,
                  "width":8.172962552345083e-19
               },
               "contours.0.nodes.3.dirOut":0.5035844871772757,
               "contours.0.nodes.3.x":0,
               "contours.0.nodes.3.y":18.66538187911985,
               "contours.1.nodes.3.x":266.01041452757886,
               "contours.1.nodes.3.y":37.52178685737496,
               "contours.1.nodes.3.dirOut":6.119180618667885,
               "contours.1.nodes.4.x":2.0065764392733456,
               "contours.1.nodes.4.y":-20.91905556853652,
               "contours.1.nodes.3.expand":{  
                  "width":-0.1018815487971727,
                  "angle":-0.14165605154631528
               },
               "contours.1.nodes.0.x":1.1477135630191242,
               "contours.1.nodes.0.y":-84.09715992690022,
               "contours.1.nodes.1.dirOut":-6.268016237674056,
               "contours.0.nodes.4.x":56.237169278468336,
               "contours.0.nodes.4.y":26.57055958984193,
               "contours.0.nodes.4.dirIn":-6.254871423756252,
               "contours.1.nodes.1.x":-12.17852369440675,
               "contours.1.nodes.1.y":-6,
               "contours.1.nodes.1.expand":{  
                  "width":0.052899923104294956
               },
               "contours.0.nodes.4.expand":{  
                  "distr":-0.30007286952491846,
                  "width":0.13236067579524183,
                  "angle":-0.021352489807605755
               },
               "contours.1.nodes.0.dirOut":-1.112526040665066,
               "contours.1.nodes.4.dirIn":0.17894859253406858,
               "contours.1.nodes.0.expand":{  
                  "width":1.1887653402694056,
                  "angle":-0.9875867672927107
               },
               "contours.1.nodes.2.x":17.095422043231693,
               "contours.1.nodes.2.y":9.535292183775766,
               "contours.1.nodes.2.dirOut":0.04851111743336678,
               "contours.1.nodes.2.expand":{  
                  "width":0.42570403916231203
               },
               "contours.0.nodes.2.expand":{  
                  "distr":-0.12374369633090211,
                  "width":0.02549936382998833
               },
               "contours.0.nodes.2.x":12.228776605757071,
               "contours.0.nodes.2.y":-5.190807702197047,
               "contours.0.nodes.2.dirIn":-0.032053561547979025,
               "contours.0.nodes.0.x":5.095422043231707,
               "contours.0.nodes.0.y":-20,
               "contours.0.nodes.0.expand":{  
                  "width":-0.05929636866556398
               },
               "contours.0.nodes.1.expand":{  
                  "width":0.019823449367820187
               },
               "contours.0.nodes.1.x":-2,
               "contours.0.nodes.1.y":-6
            },
            "dirty":37
         },
         "c":{  
            "cursors":{  
               "contours.0.nodes.4.x":3.430589146091734e-14,
               "contours.0.nodes.4.y":-31.147304247261612,
               "contours.0.nodes.1.expand":{  
                  "width":0.08910835522427668,
                  "angle":0.08834621808137999
               },
               "contours.0.nodes.3.expand":{  
                  "width":0.17179534138089836,
                  "angle":-0.19266096572031907
               },
               "contours.0.nodes.0.x":-14,
               "contours.0.nodes.0.y":24.43478260869565,
               "contours.0.nodes.3.x":0,
               "contours.0.nodes.3.y":18,
               "contours.0.nodes.0.expand":{  
                  "angle":-0.17023545637322138
               },
               "contours.0.nodes.4.expand":{  
                  "angle":-5.861104054633896,
                  "width":-0.0014345127159690538,
                  "distr":-0.13813599530316664
               },
               "contours.0.nodes.1.x":0,
               "contours.0.nodes.1.y":-4,
               "contours.0.nodes.2.expand":{  
                  "width":-0.02363499579694513
               }
            },
            "dirty":13
         },
         "s":{  
            "cursors":{  
               "contours.0.nodes.5.x":-23.816216125635435,
               "contours.0.nodes.5.y":17.309655432841396,
               "contours.0.nodes.6.expand":{  
                  "width":-0.13053725196369725,
                  "angle":-1.0777313255266365,
                  "distr":-0.5391424416096682
               },
               "contours.0.nodes.3.x":18.902863021979556,
               "contours.0.nodes.3.y":11.020856556093406,
               "contours.0.nodes.3.dirOut":-0.11118879632762425,
               "contours.0.nodes.3.expand":{  
                  "width":0.08867310320042791
               },
               "contours.0.nodes.6.x":-106.52406745681427,
               "contours.0.nodes.6.y":-86.10497030404578,
               "contours.0.nodes.5.expand":{  
                  "width":0.1098004022068043,
                  "distr":0.02248927798542992,
                  "angle":-5.991830782134565
               },
               "contours.0.nodes.5.dirIn":0.009037119853142813,
               "contours.0.nodes.5.dirOut":-0.028857815547018342,
               "contours.0.nodes.2.x":-80.24129412268199,
               "contours.0.nodes.2.y":23.21113922395864,
               "contours.0.nodes.2.dirIn":0.0038824902886484694,
               "contours.0.nodes.2.dirOut":0.040090720289404934,
               "contours.0.nodes.4.dirIn":0.22760986335471337,
               "contours.0.nodes.4.dirOut":0.11137597572570049,
               "contours.0.nodes.4.x":-33,
               "contours.0.nodes.4.y":-16.368124588035645,
               "contours.0.nodes.4.expand":{  
                  "angle":0.171263105620447,
                  "width":0.337521590102367,
                  "distr":6.938893903907228e-18
               },
               "contours.0.nodes.2.expand":{  
                  "angle":-0.05657304198423492,
                  "width":0.14639883252546565,
                  "distr":0.22666628212550985
               },
               "contours.0.nodes.6.dirIn":-1.0658508450655524,
               "contours.0.nodes.0.expand":{  
                  "distr":0.15948748282640932,
                  "width":-0.4352045494327962,
                  "angle":-1.314905099992876
               },
               "contours.0.nodes.0.x":-34.86453889449446,
               "contours.0.nodes.0.y":160.81092612624553,
               "contours.0.nodes.0.dirOut":-1.4389577148462307,
               "contours.0.nodes.1.expand":{  
                  "width":0.06011833118812815
               }
            },
            "dirty":28
         },
         "e":{  
            "cursors":{  
               "contours.0.nodes.3.expand":{  
                  "width":0.07017591553006731,