{  
   "project":"WTF",
   "variant":"Font",
   "template": "spectral",
   "baseValues":{  
      "spacing":-0.36923076923076936,
      "diacriticHeight":80,
      "opticThickness":1,
      "smallCapDelta":1,
      "_scThickness":0.9,
      "_scWidth":0.7,
      "xHeight":341.5384615384615,
      "capDelta":210,
      "ascender":300,
      "descender":-250,
      "crossbar":1,
      "width":1,
      "slant":0,
      "overshoot":10,
      "thickness":91.32307692307691,
      "_contrast":-0.6674999999999999,
      "_contrastExtremity":-1,
      "aperture":0.3,
      "apertureTop":1,
      "apertureBottom":1,
      "curviness":0.3949999999999996,
      "serifWidth":104.63923076923082,
      "midWidth":1.0884615384615386,
      "serifHeight":68.46185384615384,
      "serifMedian":0.9950000000000007,
      "serifCurve":56.153846153846175,
      "serifRoundness":0.8861538461538458,
      "serifArc":-0.04615384615384621,
      "serifTerminal":0.038461538461538464,
      "serifTerminalCurve":1,
      "spurHeight":1.3,
      "serifRotate":0,
      "manualChanges":{  
         "S":{  
            "cursors":{  
               "contours.0.nodes.6.x":62.381133323396966,
               "contours.0.nodes.6.y":-80,
               "contours.0.nodes.0.x":-4.4523076923076985,
               "contours.0.nodes.0.y":68
            }
         },
         "p":{  
            "cursors":{  
               "contours.1.nodes.2.x":-118.09153846153856,
               "contours.1.nodes.2.y":-10,
               "contours.0.nodes.0.x":0,
               "contours.0.nodes.0.y":72
            }
         },
         "e":{  
            "cursors":{  
               "contours.0.nodes.2.x":41.71615384615387,
               "contours.0.nodes.2.y":0.8769230769230774,
               "contours.4.nodes.1.expand":{  
                  "width":0.12679958481914394
               },
               "contours.4.nodes.0.x":0,
               "contours.4.nodes.0.y":-2,
               "contours.0.nodes.0.x":-63.31816510734399,
               "contours.0.nodes.0.y":16,
               "contours.0.nodes.3.x":0,
               "contours.0.nodes.3.y":194
            }
         },
         "c":{  
            "cursors":{  
               "contours.0.nodes.0.x":-172.47252927057764,
               "contours.0.nodes.0.y":12
            }
         },
         "t":{  
            "cursors":{  
               "contours.0.nodes.2.x":14.812154271815302,
               "contours.0.nodes.2.y":10
            }
         },
         "r":{  
            "cursors":{  
               "contours.1.nodes.3.x":-72,
               "contours.1.nodes.3.y":-11.470760572670144,
               "contours.1.nodes.0.x":7.03757720396095,
               "contours.1.nodes.0.y":-132
            }
         },
         "a":{  
            "cursors":{  
               "contours.0.nodes.0.x":21,
               "contours.0.nodes.0.y":-100,
               "contours.1.nodes.0.x":43.408170329209725,
               "contours.1.nodes.0.y":-66.12820512820512
            }
         },
         "l":{  
            "cursors":{  
               "contours.0.nodes.1.x":130.3378774402461,
               "contours.0.nodes.1.y":-96
            }
         }
      },
      "indiv_glyphs":{  
         "83":"S",
         "97":"a",
         "99":"c",
         "101":"e",
         "112":"p",
         "114":"r",
         "116":"t",
         "124":"l"
      },
      "indiv_group_param":{  
         "S":{  
            "thickness_rel":{  
               "state":"relative",
               "value":0.5
            }
         },
         "p":{  
            "thickness_rel":{  
               "state":"relative",
               "value":0.6238095238095239
            }
         },
         "c":{  
            "thickness_rel":{  
               "state":"relative",
               "value":0.9380952380952379
            }
         },
         "e":{  
            "thickness_rel":{  
               "state":"relative",
               "value":0.7761904761904763
            }
         },
         "t":{  
            "thickness_rel":{  
               "state":"relative",
               "value":1.0952380952380951
            }
         },
         "r":{  
            "thickness_rel":{  
               "state":"relative",
               "value":1.2666666666666662
            }
         },
         "a":{  
            "thickness_rel":{  
               "state":"relative",
               "value":1.5
            }
         },
         "l":{  
            "thickness_rel":{  
               "state":"delta",
               "value":105
            }
         }
      }
   },
   "steps":[  
      {  
         "name":"Height",
         "description":"Choose height",
         "choices":[  
            {  
               "id":"4f4e296b",
               "name":"Small",
               "db":"heightsmall",
               "values":{  
                  "xHeight":276,
                  "ascender":119.23076923076921,
                  "manualChanges":{  
                     "S":{  
                        "cursors":{  
                           "contours.0.nodes.6.x":62.381133323396966,
                           "contours.0.nodes.6.y":-80,
                           "contours.0.nodes.0.x":-4.4523076923076985,
                           "contours.0.nodes.0.y":68
                        },
                        "dirty":4
                     },
                     "p":{  
                        "cursors":{  
                           "contours.1.nodes.2.x":-118.09153846153856,
                           "contours.1.nodes.2.y":-10,
                           "contours.0.nodes.0.x":0,
                           "contours.0.nodes.0.y":72
                        },
                        "dirty":4
                     },
                     "e":{  
                        "cursors":{  
                           "contours.0.nodes.2.x":41.71615384615387,
                           "contours.0.nodes.2.y":0.8769230769230774,
                           "contours.4.nodes.1.expand":{  
                              "width":0.12679958481914394
                           },
                           "contours.4.nodes.0.x":0,
                           "contours.4.nodes.0.y":-2,
                           "contours.0.nodes.0.x":-63.31816510734399,
                           "contours.0.nodes.0.y":16,
                           "contours.0.nodes.3.x":0,
                           "contours.0.nodes.3.y":194
                        },
                        "dirty":9
                     },
                     "c":{  
                        "cursors":{  
                           "contours.0.nodes.0.x":-172.47252927057764,
                           "contours.0.nodes.0.y":12
                        },
                        "dirty":2
                     },
                     "t":{  
                        "cursors":{  
                           "contours.0.nodes.2.x":14.812154271815302,
                           "contours.0.nodes.2.y":10
                        },
                        "dirty":2
                     },
                     "r":{  
                        "cursors":{  
                           "contours.1.nodes.3.x":-72,
                           "contours.1.nodes.3.y":-11.470760572670144,
                           "contours.1.nodes.0.x":7.03757720396095,
                           "contours.1.nodes.0.y":-132
                        },
                        "dirty":4
                     },
                     "a":{  
                        "cursors":{  
                           "contours.0.nodes.0.x":21,
                           "contours.0.nodes.0.y":-100,
                           "contours.1.nodes.0.x":43.408170329209725,
                           "contours.1.nodes.0.y":-66.12820512820512
                        },
                        "dirty":4
                     },